test,cores,avg_latency
CAS,[0,1],51.9
CAS,[0,2],31.2
CAS,[0,3],55.5
CAS,[1,0],53.1
CAS,[1,2],54.2
CAS,[1,3],31.8
CAS,[2,0],39.6
CAS,[2,1],51.1
CAS,[2,3],57.2
CAS,[3,0],56.9
CAS,[3,1],45.6
CAS,[3,2],57.4
CAS,[0,1,2],56.3
CAS,[0,1,3],59.3
CAS,[0,2,1],42.1
CAS,[0,2,3],39.2
CAS,[0,3,1],48.4
CAS,[0,3,2],57.9
CAS,[1,0,2],48.2
CAS,[1,0,3],55.2
CAS,[1,2,0],53.7
CAS,[1,2,3],58.8
CAS,[1,3,0],34.3
CAS,[1,3,2],38.5
CAS,[2,0,1],43.4
CAS,[2,0,3],34.1
CAS,[2,1,0],56.9
CAS,[2,1,3],51.7
CAS,[2,3,0],55.1
CAS,[2,3,1],48.9
CAS,[3,0,1],54.5
CAS,[3,0,2],58.5
CAS,[3,1,0],44.5
CAS,[3,1,2],48.5
CAS,[3,2,0],62.3
CAS,[3,2,1],58.3
CAS,[0,1,2,3],49.0
CAS,[0,1,3,2],48.2
CAS,[0,2,1,3],49.0
CAS,[0,2,3,1],44.5
CAS,[0,3,1,2],58.5
CAS,[0,3,2,1],55.9
CAS,[1,0,2,3],46.7
CAS,[1,0,3,2],46.6
CAS,[1,2,0,3],55.1
CAS,[1,2,3,0],54.9
CAS,[1,3,0,2],45.8
CAS,[1,3,2,0],36.3
CAS,[2,0,1,3],38.9
CAS,[2,0,3,1],35.9
CAS,[2,1,0,3],55.4
CAS,[2,1,3,0],47.8
CAS,[2,3,0,1],57.1
CAS,[2,3,1,0],55.3
CAS,[3,0,1,2],52.6
CAS,[3,0,2,1],47.5
CAS,[3,1,0,2],42.7
CAS,[3,1,2,0],37.4
CAS,[3,2,0,1],57.1
CAS,[3,2,1,0],57.3
FAI,[0,1],75.9
FAI,[0,2],38.7
FAI,[0,3],77.2
FAI,[1,0],70.3
FAI,[1,2],67.6
FAI,[1,3],35.8
FAI,[2,0],51.4
FAI,[2,1],70.2
FAI,[2,3],74.8
FAI,[3,0],68.9
FAI,[3,1],45.9
FAI,[3,2],69.1
FAI,[0,1,2],71.0
FAI,[0,1,3],85.0
FAI,[0,2,1],50.4
FAI,[0,2,3],31.9
FAI,[0,3,1],76.3
FAI,[0,3,2],71.0
FAI,[1,0,2],65.3
FAI,[1,0,3],67.4
FAI,[1,2,0],73.3
FAI,[1,2,3],66.2
FAI,[1,3,0],42.1
FAI,[1,3,2],41.4
FAI,[2,0,1],44.0
FAI,[2,0,3],44.0
FAI,[2,1,0],72.5
FAI,[2,1,3],69.6
FAI,[2,3,0],70.5
FAI,[2,3,1],65.8
FAI,[3,0,1],74.4
FAI,[3,0,2],72.0
FAI,[3,1,0],44.8
FAI,[3,1,2],48.2
FAI,[3,2,0],66.6
FAI,[3,2,1],70.1
FAI,[0,1,2,3],70.3
FAI,[0,1,3,2],53.3
FAI,[0,2,1,3],45.2
FAI,[0,2,3,1],37.0
FAI,[0,3,1,2],67.6
FAI,[0,3,2,1],73.0
FAI,[1,0,2,3],63.8
FAI,[1,0,3,2],62.2
FAI,[1,2,0,3],62.1
FAI,[1,2,3,0],67.3
FAI,[1,3,0,2],37.0
FAI,[1,3,2,0],34.9
FAI,[2,0,1,3],37.6
FAI,[2,0,3,1],45.5
FAI,[2,1,0,3],74.7
FAI,[2,1,3,0],61.9
FAI,[2,3,0,1],76.1
FAI,[2,3,1,0],74.2
FAI,[3,0,1,2],59.1
FAI,[3,0,2,1],57.8
FAI,[3,1,0,2],43.5
FAI,[3,1,2,0],45.3
FAI,[3,2,0,1],69.7
FAI,[3,2,1,0],74.4
TAS,[0,1],74.1
TAS,[0,2],35.8
TAS,[0,3],75.8
TAS,[1,0],67.2
TAS,[1,2],69.9
TAS,[1,3],43.7
TAS,[2,0],43.1
TAS,[2,1],73.3
TAS,[2,3],77.8
TAS,[3,0],72.3
TAS,[3,1],42.7
TAS,[3,2],69.1
TAS,[0,1,2],68.9
TAS,[0,1,3],66.8
TAS,[0,2,1],42.2
TAS,[0,2,3],32.3
TAS,[0,3,1],62.8
TAS,[0,3,2],68.0
TAS,[1,0,2],65.4
TAS,[1,0,3],70.8
TAS,[1,2,0],69.9
TAS,[1,2,3],71.0
TAS,[1,3,0],34.1
TAS,[1,3,2],51.1
TAS,[2,0,1],42.8
TAS,[2,0,3],39.7
TAS,[2,1,0],69.2
TAS,[2,1,3],75.1
TAS,[2,3,0],66.1
TAS,[2,3,1],77.1
TAS,[3,0,1],69.8
TAS,[3,0,2],73.3
TAS,[3,1,0],42.3
TAS,[3,1,2],40.9
TAS,[3,2,0],72.8
TAS,[3,2,1],69.8
TAS,[0,1,2,3],69.0
TAS,[0,1,3,2],58.9
TAS,[0,2,1,3],33.4
TAS,[0,2,3,1],34.8
TAS,[0,3,1,2],72.3
TAS,[0,3,2,1],78.6
TAS,[1,0,2,3],72.6
TAS,[1,0,3,2],74.0
TAS,[1,2,0,3],61.9
TAS,[1,2,3,0],64.7
TAS,[1,3,0,2],37.5
TAS,[1,3,2,0],47.3
TAS,[2,0,1,3],44.4
TAS,[2,0,3,1],52.3
TAS,[2,1,0,3],67.0
TAS,[2,1,3,0],67.7
TAS,[2,3,0,1],87.1
TAS,[2,3,1,0],76.6
TAS,[3,0,1,2],72.7
TAS,[3,0,2,1],72.6
TAS,[3,1,0,2],44.4
TAS,[3,1,2,0],42.3
TAS,[3,2,0,1],72.7
TAS,[3,2,1,0],68.5
SWAP,[0,1],72.4
SWAP,[0,2],37.3
SWAP,[0,3],68.3
SWAP,[1,0],72.5
SWAP,[1,2],74.5
SWAP,[1,3],56.0
SWAP,[2,0],47.8
SWAP,[2,1],72.8
SWAP,[2,3],75.2
SWAP,[3,0],68.9
SWAP,[3,1],47.2
SWAP,[3,2],71.2
SWAP,[0,1,2],73.6
SWAP,[0,1,3],66.9
SWAP,[0,2,1],34.8
SWAP,[0,2,3],35.3
SWAP,[0,3,1],67.0
SWAP,[0,3,2],72.1
SWAP,[1,0,2],74.3
SWAP,[1,0,3],68.1
SWAP,[1,2,0],64.4
SWAP,[1,2,3],72.7
SWAP,[1,3,0],44.2
SWAP,[1,3,2],35.3
SWAP,[2,0,1],34.9
SWAP,[2,0,3],44.8
SWAP,[2,1,0],70.3
SWAP,[2,1,3],73.2
SWAP,[2,3,0],71.0
SWAP,[2,3,1],65.1
SWAP,[3,0,1],68.7
SWAP,[3,0,2],65.0
SWAP,[3,1,0],44.5
SWAP,[3,1,2],43.0
SWAP,[3,2,0],63.8
SWAP,[3,2,1],70.8
SWAP,[0,1,2,3],66.1
SWAP,[0,1,3,2],72.9
SWAP,[0,2,1,3],44.4
SWAP,[0,2,3,1],41.2
SWAP,[0,3,1,2],65.5
SWAP,[0,3,2,1],59.3
SWAP,[1,0,2,3],71.7
SWAP,[1,0,3,2],75.0
SWAP,[1,2,0,3],71.1
SWAP,[1,2,3,0],72.0
SWAP,[1,3,0,2],36.2
SWAP,[1,3,2,0],52.2
SWAP,[2,0,1,3],45.1
SWAP,[2,0,3,1],37.9
SWAP,[2,1,0,3],74.8
SWAP,[2,1,3,0],63.6
SWAP,[2,3,0,1],63.6
SWAP,[2,3,1,0],78.2
SWAP,[3,0,1,2],64.3
SWAP,[3,0,2,1],78.9
SWAP,[3,1,0,2],45.5
SWAP,[3,1,2,0],36.2
SWAP,[3,2,0,1],81.9
SWAP,[3,2,1,0],68.1
STORE_ON_MODIFIED,[0,1],2.6
STORE_ON_MODIFIED,[0,2],0.2
STORE_ON_MODIFIED,[0,3],3.4
STORE_ON_MODIFIED,[1,0],2.7
STORE_ON_MODIFIED,[1,2],2.7
STORE_ON_MODIFIED,[1,3],0.0
STORE_ON_MODIFIED,[2,0],1.3
STORE_ON_MODIFIED,[2,1],3.2
STORE_ON_MODIFIED,[2,3],2.8
STORE_ON_MODIFIED,[3,0],2.9
STORE_ON_MODIFIED,[3,1],1.5
STORE_ON_MODIFIED,[3,2],2.6
STORE_ON_MODIFIED,[0,1,2],2.9
STORE_ON_MODIFIED,[0,1,3],3.8
STORE_ON_MODIFIED,[0,2,1],2.0
STORE_ON_MODIFIED,[0,2,3],2.2
STORE_ON_MODIFIED,[0,3,1],1.0
STORE_ON_MODIFIED,[0,3,2],2.2
STORE_ON_MODIFIED,[1,0,2],0.7
STORE_ON_MODIFIED,[1,0,3],1.3
STORE_ON_MODIFIED,[1,2,0],1.6
STORE_ON_MODIFIED,[1,2,3],2.4
STORE_ON_MODIFIED,[1,3,0],0.4
STORE_ON_MODIFIED,[1,3,2],1.4
STORE_ON_MODIFIED,[2,0,1],1.2
STORE_ON_MODIFIED,[2,0,3],0.3
STORE_ON_MODIFIED,[2,1,0],2.9
STORE_ON_MODIFIED,[2,1,3],3.0
STORE_ON_MODIFIED,[2,3,0],2.7
STORE_ON_MODIFIED,[2,3,1],0.7
STORE_ON_MODIFIED,[3,0,1],1.8
STORE_ON_MODIFIED,[3,0,2],0.6
STORE_ON_MODIFIED,[3,1,0],1.3
STORE_ON_MODIFIED,[3,1,2],1.8
STORE_ON_MODIFIED,[3,2,0],0.9
STORE_ON_MODIFIED,[3,2,1],2.8
STORE_ON_MODIFIED,[0,1,2,3],2.1
STORE_ON_MODIFIED,[0,1,3,2],3.4
STORE_ON_MODIFIED,[0,2,1,3],0.0
STORE_ON_MODIFIED,[0,2,3,1],0.0
STORE_ON_MODIFIED,[0,3,1,2],0.7
STORE_ON_MODIFIED,[0,3,2,1],1.0
STORE_ON_MODIFIED,[1,0,2,3],1.2
STORE_ON_MODIFIED,[1,0,3,2],1.9
STORE_ON_MODIFIED,[1,2,0,3],0.8
STORE_ON_MODIFIED,[1,2,3,0],0.9
STORE_ON_MODIFIED,[1,3,0,2],1.9
STORE_ON_MODIFIED,[1,3,2,0],0.2
STORE_ON_MODIFIED,[2,0,1,3],0.0
STORE_ON_MODIFIED,[2,0,3,1],1.5
STORE_ON_MODIFIED,[2,1,0,3],2.8
STORE_ON_MODIFIED,[2,1,3,0],3.1
STORE_ON_MODIFIED,[2,3,0,1],1.1
STORE_ON_MODIFIED,[2,3,1,0],3.4
STORE_ON_MODIFIED,[3,0,1,2],2.3
STORE_ON_MODIFIED,[3,0,2,1],1.7
STORE_ON_MODIFIED,[3,1,0,2],0.0
STORE_ON_MODIFIED,[3,1,2,0],0.3
STORE_ON_MODIFIED,[3,2,0,1],2.9
STORE_ON_MODIFIED,[3,2,1,0],2.5
STORE_ON_EXCLUSIVE,[0,1],
STORE_ON_EXCLUSIVE,[0,2],
STORE_ON_EXCLUSIVE,[0,3],
STORE_ON_EXCLUSIVE,[1,0],
STORE_ON_EXCLUSIVE,[1,2],
STORE_ON_EXCLUSIVE,[1,3],
STORE_ON_EXCLUSIVE,[2,0],
STORE_ON_EXCLUSIVE,[2,1],
STORE_ON_EXCLUSIVE,[2,3],
STORE_ON_EXCLUSIVE,[3,0],
STORE_ON_EXCLUSIVE,[3,1],
STORE_ON_EXCLUSIVE,[3,2],
STORE_ON_EXCLUSIVE,[0,1,2],
STORE_ON_EXCLUSIVE,[0,1,3],
STORE_ON_EXCLUSIVE,[0,2,1],
STORE_ON_EXCLUSIVE,[0,2,3],
STORE_ON_EXCLUSIVE,[0,3,1],
STORE_ON_EXCLUSIVE,[0,3,2],
STORE_ON_EXCLUSIVE,[1,0,2],
STORE_ON_EXCLUSIVE,[1,0,3],
STORE_ON_EXCLUSIVE,[1,2,0],
STORE_ON_EXCLUSIVE,[1,2,3],
STORE_ON_EXCLUSIVE,[1,3,0],
STORE_ON_EXCLUSIVE,[1,3,2],
STORE_ON_EXCLUSIVE,[2,0,1],
STORE_ON_EXCLUSIVE,[2,0,3],
STORE_ON_EXCLUSIVE,[2,1,0],
STORE_ON_EXCLUSIVE,[2,1,3],
STORE_ON_EXCLUSIVE,[2,3,0],
STORE_ON_EXCLUSIVE,[2,3,1],
STORE_ON_EXCLUSIVE,[3,0,1],
STORE_ON_EXCLUSIVE,[3,0,2],
STORE_ON_EXCLUSIVE,[3,1,0],
STORE_ON_EXCLUSIVE,[3,1,2],
STORE_ON_EXCLUSIVE,[3,2,0],
STORE_ON_EXCLUSIVE,[3,2,1],
STORE_ON_EXCLUSIVE,[0,1,2,3],
STORE_ON_EXCLUSIVE,[0,1,3,2],
STORE_ON_EXCLUSIVE,[0,2,1,3],
STORE_ON_EXCLUSIVE,[0,2,3,1],
STORE_ON_EXCLUSIVE,[0,3,1,2],
STORE_ON_EXCLUSIVE,[0,3,2,1],
STORE_ON_EXCLUSIVE,[1,0,2,3],
STORE_ON_EXCLUSIVE,[1,0,3,2],
STORE_ON_EXCLUSIVE,[1,2,0,3],
STORE_ON_EXCLUSIVE,[1,2,3,0],
STORE_ON_EXCLUSIVE,[1,3,0,2],
STORE_ON_EXCLUSIVE,[1,3,2,0],
STORE_ON_EXCLUSIVE,[2,0,1,3],
STORE_ON_EXCLUSIVE,[2,0,3,1],
STORE_ON_EXCLUSIVE,[2,1,0,3],
STORE_ON_EXCLUSIVE,[2,1,3,0],
STORE_ON_EXCLUSIVE,[2,3,0,1],
STORE_ON_EXCLUSIVE,[2,3,1,0],
STORE_ON_EXCLUSIVE,[3,0,1,2],
STORE_ON_EXCLUSIVE,[3,0,2,1],
STORE_ON_EXCLUSIVE,[3,1,0,2],
STORE_ON_EXCLUSIVE,[3,1,2,0],
STORE_ON_EXCLUSIVE,[3,2,0,1],
STORE_ON_EXCLUSIVE,[3,2,1,0],
STORE_ON_SHARED,[0,1],2.0
STORE_ON_SHARED,[0,2],0.0
STORE_ON_SHARED,[0,3],1.9
STORE_ON_SHARED,[1,0],1.4
STORE_ON_SHARED,[1,2],1.7
STORE_ON_SHARED,[1,3],0.1
STORE_ON_SHARED,[2,0],0.0
STORE_ON_SHARED,[2,1],2.0
STORE_ON_SHARED,[2,3],2.0
STORE_ON_SHARED,[3,0],0.5
STORE_ON_SHARED,[3,1],2.0
STORE_ON_SHARED,[3,2],1.7
STORE_ON_SHARED,[0,1,2],1.8
STORE_ON_SHARED,[0,1,3],0.4
STORE_ON_SHARED,[0,2,1],1.1
STORE_ON_SHARED,[0,2,3],0.5
STORE_ON_SHARED,[0,3,1],0.4
STORE_ON_SHARED,[0,3,2],1.9
STORE_ON_SHARED,[1,0,2],1.4
STORE_ON_SHARED,[1,0,3],1.3
STORE_ON_SHARED,[1,2,0],1.4
STORE_ON_SHARED,[1,2,3],0.9
STORE_ON_SHARED,[1,3,0],0.1
STORE_ON_SHARED,[1,3,2],2.0
STORE_ON_SHARED,[2,0,1],1.7
STORE_ON_SHARED,[2,0,3],1.5
STORE_ON_SHARED,[2,1,0],1.8
STORE_ON_SHARED,[2,1,3],1.3
STORE_ON_SHARED,[2,3,0],2.1
STORE_ON_SHARED,[2,3,1],0.2
STORE_ON_SHARED,[3,0,1],0.8
STORE_ON_SHARED,[3,0,2],0.1
STORE_ON_SHARED,[3,1,0],1.9
STORE_ON_SHARED,[3,1,2],0.4
STORE_ON_SHARED,[3,2,0],1.6
STORE_ON_SHARED,[3,2,1],1.6
STORE_ON_SHARED,[0,1,2,3],2.1
STORE_ON_SHARED,[0,1,3,2],2.3
STORE_ON_SHARED,[0,2,1,3],0.6
STORE_ON_SHARED,[0,2,3,1],0.2
STORE_ON_SHARED,[0,3,1,2],1.0
STORE_ON_SHARED,[0,3,2,1],2.6
STORE_ON_SHARED,[1,0,2,3],1.5
STORE_ON_SHARED,[1,0,3,2],2.1
STORE_ON_SHARED,[1,2,0,3],0.7
STORE_ON_SHARED,[1,2,3,0],1.6
STORE_ON_SHARED,[1,3,0,2],1.0
STORE_ON_SHARED,[1,3,2,0],3.5
STORE_ON_SHARED,[2,0,1,3],2.0
STORE_ON_SHARED,[2,0,3,1],0.3
STORE_ON_SHARED,[2,1,0,3],2.1
STORE_ON_SHARED,[2,1,3,0],0.2
STORE_ON_SHARED,[2,3,0,1],2.5
STORE_ON_SHARED,[2,3,1,0],1.2
STORE_ON_SHARED,[3,0,1,2],0.6
STORE_ON_SHARED,[3,0,2,1],0.1
STORE_ON_SHARED,[3,1,0,2],1.8
STORE_ON_SHARED,[3,1,2,0],2.3
STORE_ON_SHARED,[3,2,0,1],1.5
STORE_ON_SHARED,[3,2,1,0],1.6
STORE_ON_OWNED,[0,1],0.3
STORE_ON_OWNED,[0,2],0.1
STORE_ON_OWNED,[0,3],1.0
STORE_ON_OWNED,[1,0],1.2
STORE_ON_OWNED,[1,2],1.0
STORE_ON_OWNED,[1,3],0.0
STORE_ON_OWNED,[2,0],0.9
STORE_ON_OWNED,[2,1],1.6
STORE_ON_OWNED,[2,3],1.5
STORE_ON_OWNED,[3,0],0.9
STORE_ON_OWNED,[3,1],0.9
STORE_ON_OWNED,[3,2],0.3
STORE_ON_OWNED,[0,1,2],1.4
STORE_ON_OWNED,[0,1,3],1.1
STORE_ON_OWNED,[0,2,1],0.1
STORE_ON_OWNED,[0,2,3],0.0
STORE_ON_OWNED,[0,3,1],0.3
STORE_ON_OWNED,[0,3,2],0.2
STORE_ON_OWNED,[1,0,2],0.2
STORE_ON_OWNED,[1,0,3],1.2
STORE_ON_OWNED,[1,2,0],0.7
STORE_ON_OWNED,[1,2,3],0.2
STORE_ON_OWNED,[1,3,0],0.9
STORE_ON_OWNED,[1,3,2],0.4
STORE_ON_OWNED,[2,0,1],0.6
STORE_ON_OWNED,[2,0,3],0.5
STORE_ON_OWNED,[2,1,0],0.9
STORE_ON_OWNED,[2,1,3],0.2
STORE_ON_OWNED,[2,3,0],1.6
STORE_ON_OWNED,[2,3,1],0.2
STORE_ON_OWNED,[3,0,1],0.2
STORE_ON_OWNED,[3,0,2],1.2
STORE_ON_OWNED,[3,1,0],1.1
STORE_ON_OWNED,[3,1,2],1.5
STORE_ON_OWNED,[3,2,0],1.1
STORE_ON_OWNED,[3,2,1],1.1
STORE_ON_OWNED,[0,1,2,3],0.5
STORE_ON_OWNED,[0,1,3,2],0.2
STORE_ON_OWNED,[0,2,1,3],1.2
STORE_ON_OWNED,[0,2,3,1],0.0
STORE_ON_OWNED,[0,3,1,2],1.4
STORE_ON_OWNED,[0,3,2,1],1.1
STORE_ON_OWNED,[1,0,2,3],1.4
STORE_ON_OWNED,[1,0,3,2],0.3
STORE_ON_OWNED,[1,2,0,3],1.1
STORE_ON_OWNED,[1,2,3,0],1.0
STORE_ON_OWNED,[1,3,0,2],1.4
STORE_ON_OWNED,[1,3,2,0],0.1
STORE_ON_OWNED,[2,0,1,3],1.1
STORE_ON_OWNED,[2,0,3,1],0.9
STORE_ON_OWNED,[2,1,0,3],1.9
STORE_ON_OWNED,[2,1,3,0],1.9
STORE_ON_OWNED,[2,3,0,1],1.4
STORE_ON_OWNED,[2,3,1,0],1.7
STORE_ON_OWNED,[3,0,1,2],1.0
STORE_ON_OWNED,[3,0,2,1],1.5
STORE_ON_OWNED,[3,1,0,2],0.9
STORE_ON_OWNED,[3,1,2,0],1.0
STORE_ON_OWNED,[3,2,0,1],1.1
STORE_ON_OWNED,[3,2,1,0],0.0
STORE_ON_INVALID,[0,1],
STORE_ON_INVALID,[0,2],
STORE_ON_INVALID,[0,3],
STORE_ON_INVALID,[1,0],
STORE_ON_INVALID,[1,2],
STORE_ON_INVALID,[1,3],
STORE_ON_INVALID,[2,0],
STORE_ON_INVALID,[2,1],
STORE_ON_INVALID,[2,3],
STORE_ON_INVALID,[3,0],
STORE_ON_INVALID,[3,1],
STORE_ON_INVALID,[3,2],
STORE_ON_INVALID,[0,1,2],
STORE_ON_INVALID,[0,1,3],
STORE_ON_INVALID,[0,2,1],
STORE_ON_INVALID,[0,2,3],
STORE_ON_INVALID,[0,3,1],
STORE_ON_INVALID,[0,3,2],
STORE_ON_INVALID,[1,0,2],
STORE_ON_INVALID,[1,0,3],
STORE_ON_INVALID,[1,2,0],
STORE_ON_INVALID,[1,2,3],
STORE_ON_INVALID,[1,3,0],
STORE_ON_INVALID,[1,3,2],
STORE_ON_INVALID,[2,0,1],
STORE_ON_INVALID,[2,0,3],
STORE_ON_INVALID,[2,1,0],
STORE_ON_INVALID,[2,1,3],
STORE_ON_INVALID,[2,3,0],
STORE_ON_INVALID,[2,3,1],
STORE_ON_INVALID,[3,0,1],
STORE_ON_INVALID,[3,0,2],
STORE_ON_INVALID,[3,1,0],
STORE_ON_INVALID,[3,1,2],
STORE_ON_INVALID,[3,2,0],
STORE_ON_INVALID,[3,2,1],
STORE_ON_INVALID,[0,1,2,3],
STORE_ON_INVALID,[0,1,3,2],
STORE_ON_INVALID,[0,2,1,3],
STORE_ON_INVALID,[0,2,3,1],
STORE_ON_INVALID,[0,3,1,2],
STORE_ON_INVALID,[0,3,2,1],
STORE_ON_INVALID,[1,0,2,3],
STORE_ON_INVALID,[1,0,3,2],
STORE_ON_INVALID,[1,2,0,3],
STORE_ON_INVALID,[1,2,3,0],
STORE_ON_INVALID,[1,3,0,2],
STORE_ON_INVALID,[1,3,2,0],
STORE_ON_INVALID,[2,0,1,3],
STORE_ON_INVALID,[2,0,3,1],
STORE_ON_INVALID,[2,1,0,3],
STORE_ON_INVALID,[2,1,3,0],
STORE_ON_INVALID,[2,3,0,1],
STORE_ON_INVALID,[2,3,1,0],
STORE_ON_INVALID,[3,0,1,2],
STORE_ON_INVALID,[3,0,2,1],
STORE_ON_INVALID,[3,1,0,2],
STORE_ON_INVALID,[3,1,2,0],
STORE_ON_INVALID,[3,2,0,1],
STORE_ON_INVALID,[3,2,1,0],
LOAD_FROM_MODIFIED,[0,1],0.3
LOAD_FROM_MODIFIED,[0,2],0.1
LOAD_FROM_MODIFIED,[0,3],0.9
LOAD_FROM_MODIFIED,[1,0],1.9
LOAD_FROM_MODIFIED,[1,2],0.9
LOAD_FROM_MODIFIED,[1,3],0.0
LOAD_FROM_MODIFIED,[2,0],1.0
LOAD_FROM_MODIFIED,[2,1],1.0
LOAD_FROM_MODIFIED,[2,3],1.1
LOAD_FROM_MODIFIED,[3,0],1.2
LOAD_FROM_MODIFIED,[3,1],0.8
LOAD_FROM_MODIFIED,[3,2],1.3
LOAD_FROM_MODIFIED,[0,1,2],1.2
LOAD_FROM_MODIFIED,[0,1,3],2.8
LOAD_FROM_MODIFIED,[0,2,1],0.2
LOAD_FROM_MODIFIED,[0,2,3],0.0
LOAD_FROM_MODIFIED,[0,3,1],1.1
LOAD_FROM_MODIFIED,[0,3,2],0.7
LOAD_FROM_MODIFIED,[1,0,2],0.7
LOAD_FROM_MODIFIED,[1,0,3],0.3
LOAD_FROM_MODIFIED,[1,2,0],1.3
LOAD_FROM_MODIFIED,[1,2,3],0.2
LOAD_FROM_MODIFIED,[1,3,0],0.5
LOAD_FROM_MODIFIED,[1,3,2],0.0
LOAD_FROM_MODIFIED,[2,0,1],0.9
LOAD_FROM_MODIFIED,[2,0,3],1.2
LOAD_FROM_MODIFIED,[2,1,0],0.1
LOAD_FROM_MODIFIED,[2,1,3],2.4
LOAD_FROM_MODIFIED,[2,3,0],0.2
LOAD_FROM_MODIFIED,[2,3,1],0.5
LOAD_FROM_MODIFIED,[3,0,1],0.8
LOAD_FROM_MODIFIED,[3,0,2],1.2
LOAD_FROM_MODIFIED,[3,1,0],0.8
LOAD_FROM_MODIFIED,[3,1,2],1.2
LOAD_FROM_MODIFIED,[3,2,0],1.2
LOAD_FROM_MODIFIED,[3,2,1],0.9
LOAD_FROM_MODIFIED,[0,1,2,3],0.6
LOAD_FROM_MODIFIED,[0,1,3,2],1.6
LOAD_FROM_MODIFIED,[0,2,1,3],0.0
LOAD_FROM_MODIFIED,[0,2,3,1],1.0
LOAD_FROM_MODIFIED,[0,3,1,2],0.0
LOAD_FROM_MODIFIED,[0,3,2,1],0.0
LOAD_FROM_MODIFIED,[1,0,2,3],1.6
LOAD_FROM_MODIFIED,[1,0,3,2],2.1
LOAD_FROM_MODIFIED,[1,2,0,3],0.0
LOAD_FROM_MODIFIED,[1,2,3,0],0.4
LOAD_FROM_MODIFIED,[1,3,0,2],0.3
LOAD_FROM_MODIFIED,[1,3,2,0],0.2
LOAD_FROM_MODIFIED,[2,0,1,3],1.2
LOAD_FROM_MODIFIED,[2,0,3,1],0.1
LOAD_FROM_MODIFIED,[2,1,0,3],1.3
LOAD_FROM_MODIFIED,[2,1,3,0],0.2
LOAD_FROM_MODIFIED,[2,3,0,1],1.7
LOAD_FROM_MODIFIED,[2,3,1,0],1.5
LOAD_FROM_MODIFIED,[3,0,1,2],0.9
LOAD_FROM_MODIFIED,[3,0,2,1],1.5
LOAD_FROM_MODIFIED,[3,1,0,2],1.4
LOAD_FROM_MODIFIED,[3,1,2,0],0.8
LOAD_FROM_MODIFIED,[3,2,0,1],1.7
LOAD_FROM_MODIFIED,[3,2,1,0],2.6
LOAD_FROM_EXCLUSIVE,[0,1],
LOAD_FROM_EXCLUSIVE,[0,2],
LOAD_FROM_EXCLUSIVE,[0,3],
LOAD_FROM_EXCLUSIVE,[1,0],
LOAD_FROM_EXCLUSIVE,[1,2],
LOAD_FROM_EXCLUSIVE,[1,3],
LOAD_FROM_EXCLUSIVE,[2,0],
LOAD_FROM_EXCLUSIVE,[2,1],
LOAD_FROM_EXCLUSIVE,[2,3],
LOAD_FROM_EXCLUSIVE,[3,0],
LOAD_FROM_EXCLUSIVE,[3,1],
LOAD_FROM_EXCLUSIVE,[3,2],
LOAD_FROM_EXCLUSIVE,[0,1,2],
LOAD_FROM_EXCLUSIVE,[0,1,3],
LOAD_FROM_EXCLUSIVE,[0,2,1],
LOAD_FROM_EXCLUSIVE,[0,2,3],
LOAD_FROM_EXCLUSIVE,[0,3,1],
LOAD_FROM_EXCLUSIVE,[0,3,2],
LOAD_FROM_EXCLUSIVE,[1,0,2],
LOAD_FROM_EXCLUSIVE,[1,0,3],
LOAD_FROM_EXCLUSIVE,[1,2,0],
LOAD_FROM_EXCLUSIVE,[1,2,3],
LOAD_FROM_EXCLUSIVE,[1,3,0],
LOAD_FROM_EXCLUSIVE,[1,3,2],
LOAD_FROM_EXCLUSIVE,[2,0,1],
LOAD_FROM_EXCLUSIVE,[2,0,3],
LOAD_FROM_EXCLUSIVE,[2,1,0],
LOAD_FROM_EXCLUSIVE,[2,1,3],
LOAD_FROM_EXCLUSIVE,[2,3,0],
LOAD_FROM_EXCLUSIVE,[2,3,1],
LOAD_FROM_EXCLUSIVE,[3,0,1],
LOAD_FROM_EXCLUSIVE,[3,0,2],
LOAD_FROM_EXCLUSIVE,[3,1,0],
LOAD_FROM_EXCLUSIVE,[3,1,2],
LOAD_FROM_EXCLUSIVE,[3,2,0],
LOAD_FROM_EXCLUSIVE,[3,2,1],
LOAD_FROM_EXCLUSIVE,[0,1,2,3],
LOAD_FROM_EXCLUSIVE,[0,1,3,2],
LOAD_FROM_EXCLUSIVE,[0,2,1,3],
LOAD_FROM_EXCLUSIVE,[0,2,3,1],
LOAD_FROM_EXCLUSIVE,[0,3,1,2],
LOAD_FROM_EXCLUSIVE,[0,3,2,1],
LOAD_FROM_EXCLUSIVE,[1,0,2,3],
LOAD_FROM_EXCLUSIVE,[1,0,3,2],
LOAD_FROM_EXCLUSIVE,[1,2,0,3],
LOAD_FROM_EXCLUSIVE,[1,2,3,0],
LOAD_FROM_EXCLUSIVE,[1,3,0,2],
LOAD_FROM_EXCLUSIVE,[1,3,2,0],
LOAD_FROM_EXCLUSIVE,[2,0,1,3],
LOAD_FROM_EXCLUSIVE,[2,0,3,1],
LOAD_FROM_EXCLUSIVE,[2,1,0,3],
LOAD_FROM_EXCLUSIVE,[2,1,3,0],
LOAD_FROM_EXCLUSIVE,[2,3,0,1],
LOAD_FROM_EXCLUSIVE,[2,3,1,0],
LOAD_FROM_EXCLUSIVE,[3,0,1,2],
LOAD_FROM_EXCLUSIVE,[3,0,2,1],
LOAD_FROM_EXCLUSIVE,[3,1,0,2],
LOAD_FROM_EXCLUSIVE,[3,1,2,0],
LOAD_FROM_EXCLUSIVE,[3,2,0,1],
LOAD_FROM_EXCLUSIVE,[3,2,1,0],
LOAD_FROM_SHARED,[0,1],
LOAD_FROM_SHARED,[0,2],
LOAD_FROM_SHARED,[0,3],
LOAD_FROM_SHARED,[1,0],
LOAD_FROM_SHARED,[1,2],
LOAD_FROM_SHARED,[1,3],
LOAD_FROM_SHARED,[2,0],
LOAD_FROM_SHARED,[2,1],
LOAD_FROM_SHARED,[2,3],
LOAD_FROM_SHARED,[3,0],
LOAD_FROM_SHARED,[3,1],
LOAD_FROM_SHARED,[3,2],
LOAD_FROM_SHARED,[0,1,2],
LOAD_FROM_SHARED,[0,1,3],
LOAD_FROM_SHARED,[0,2,1],
LOAD_FROM_SHARED,[0,2,3],
LOAD_FROM_SHARED,[0,3,1],
LOAD_FROM_SHARED,[0,3,2],
LOAD_FROM_SHARED,[1,0,2],
LOAD_FROM_SHARED,[1,0,3],
LOAD_FROM_SHARED,[1,2,0],
LOAD_FROM_SHARED,[1,2,3],
LOAD_FROM_SHARED,[1,3,0],
LOAD_FROM_SHARED,[1,3,2],
LOAD_FROM_SHARED,[2,0,1],
LOAD_FROM_SHARED,[2,0,3],
LOAD_FROM_SHARED,[2,1,0],
LOAD_FROM_SHARED,[2,1,3],
LOAD_FROM_SHARED,[2,3,0],
LOAD_FROM_SHARED,[2,3,1],
LOAD_FROM_SHARED,[3,0,1],
LOAD_FROM_SHARED,[3,0,2],
LOAD_FROM_SHARED,[3,1,0],
LOAD_FROM_SHARED,[3,1,2],
LOAD_FROM_SHARED,[3,2,0],
LOAD_FROM_SHARED,[3,2,1],
LOAD_FROM_SHARED,[0,1,2,3],
LOAD_FROM_SHARED,[0,1,3,2],
LOAD_FROM_SHARED,[0,2,1,3],
LOAD_FROM_SHARED,[0,2,3,1],
LOAD_FROM_SHARED,[0,3,1,2],
LOAD_FROM_SHARED,[0,3,2,1],
LOAD_FROM_SHARED,[1,0,2,3],
LOAD_FROM_SHARED,[1,0,3,2],
LOAD_FROM_SHARED,[1,2,0,3],
LOAD_FROM_SHARED,[1,2,3,0],
LOAD_FROM_SHARED,[1,3,0,2],
LOAD_FROM_SHARED,[1,3,2,0],
LOAD_FROM_SHARED,[2,0,1,3],
LOAD_FROM_SHARED,[2,0,3,1],
LOAD_FROM_SHARED,[2,1,0,3],
LOAD_FROM_SHARED,[2,1,3,0],
LOAD_FROM_SHARED,[2,3,0,1],
LOAD_FROM_SHARED,[2,3,1,0],
LOAD_FROM_SHARED,[3,0,1,2],
LOAD_FROM_SHARED,[3,0,2,1],
LOAD_FROM_SHARED,[3,1,0,2],
LOAD_FROM_SHARED,[3,1,2,0],
LOAD_FROM_SHARED,[3,2,0,1],
LOAD_FROM_SHARED,[3,2,1,0],
LOAD_FROM_OWNED,[0,1],1.4
LOAD_FROM_OWNED,[0,2],0.6
LOAD_FROM_OWNED,[0,3],1.1
LOAD_FROM_OWNED,[1,0],0.9
LOAD_FROM_OWNED,[1,2],0.9
LOAD_FROM_OWNED,[1,3],1.1
LOAD_FROM_OWNED,[2,0],1.5
LOAD_FROM_OWNED,[2,1],0.5
LOAD_FROM_OWNED,[2,3],0.9
LOAD_FROM_OWNED,[3,0],1.4
LOAD_FROM_OWNED,[3,1],0.8
LOAD_FROM_OWNED,[3,2],1.9
LOAD_FROM_OWNED,[0,1,2],1.1
LOAD_FROM_OWNED,[0,1,3],1.8
LOAD_FROM_OWNED,[0,2,1],1.6
LOAD_FROM_OWNED,[0,2,3],1.1
LOAD_FROM_OWNED,[0,3,1],0.8
LOAD_FROM_OWNED,[0,3,2],1.1
LOAD_FROM_OWNED,[1,0,2],1.2
LOAD_FROM_OWNED,[1,0,3],0.2
LOAD_FROM_OWNED,[1,2,0],1.8
LOAD_FROM_OWNED,[1,2,3],4.0
LOAD_FROM_OWNED,[1,3,0],0.5
LOAD_FROM_OWNED,[1,3,2],0.0
LOAD_FROM_OWNED,[2,0,1],2.0
LOAD_FROM_OWNED,[2,0,3],0.9
LOAD_FROM_OWNED,[2,1,0],1.4
LOAD_FROM_OWNED,[2,1,3],1.4
LOAD_FROM_OWNED,[2,3,0],0.8
LOAD_FROM_OWNED,[2,3,1],0.0
LOAD_FROM_OWNED,[3,0,1],1.8
LOAD_FROM_OWNED,[3,0,2],0.0
LOAD_FROM_OWNED,[3,1,0],0.8
LOAD_FROM_OWNED,[3,1,2],0.8
LOAD_FROM_OWNED,[3,2,0],0.0
LOAD_FROM_OWNED,[3,2,1],0.5
LOAD_FROM_OWNED,[0,1,2,3],0.0
LOAD_FROM_OWNED,[0,1,3,2],2.0
LOAD_FROM_OWNED,[0,2,1,3],2.3
LOAD_FROM_OWNED,[0,2,3,1],0.3
LOAD_FROM_OWNED,[0,3,1,2],0.6
LOAD_FROM_OWNED,[0,3,2,1],0.3
LOAD_FROM_OWNED,[1,0,2,3],0.6
LOAD_FROM_OWNED,[1,0,3,2],0.0
LOAD_FROM_OWNED,[1,2,0,3],0.0
LOAD_FROM_OWNED,[1,2,3,0],1.9
LOAD_FROM_OWNED,[1,3,0,2],0.0
LOAD_FROM_OWNED,[1,3,2,0],1.0
LOAD_FROM_OWNED,[2,0,1,3],1.8
LOAD_FROM_OWNED,[2,0,3,1],0.9
LOAD_FROM_OWNED,[2,1,0,3],2.8
LOAD_FROM_OWNED,[2,1,3,0],2.3
LOAD_FROM_OWNED,[2,3,0,1],0.5
LOAD_FROM_OWNED,[2,3,1,0],1.9
LOAD_FROM_OWNED,[3,0,1,2],0.5
LOAD_FROM_OWNED,[3,0,2,1],2.2
LOAD_FROM_OWNED,[3,1,0,2],0.9
LOAD_FROM_OWNED,[3,1,2,0],0.0
LOAD_FROM_OWNED,[3,2,0,1],1.9
LOAD_FROM_OWNED,[3,2,1,0],1.1
LOAD_FROM_INVALID,[0,1],
LOAD_FROM_INVALID,[0,2],
LOAD_FROM_INVALID,[0,3],
LOAD_FROM_INVALID,[1,0],
LOAD_FROM_INVALID,[1,2],
LOAD_FROM_INVALID,[1,3],
LOAD_FROM_INVALID,[2,0],
LOAD_FROM_INVALID,[2,1],
LOAD_FROM_INVALID,[2,3],
LOAD_FROM_INVALID,[3,0],
LOAD_FROM_INVALID,[3,1],
LOAD_FROM_INVALID,[3,2],
LOAD_FROM_INVALID,[0,1,2],
LOAD_FROM_INVALID,[0,1,3],
LOAD_FROM_INVALID,[0,2,1],
LOAD_FROM_INVALID,[0,2,3],
LOAD_FROM_INVALID,[0,3,1],
LOAD_FROM_INVALID,[0,3,2],
LOAD_FROM_INVALID,[1,0,2],
LOAD_FROM_INVALID,[1,0,3],
LOAD_FROM_INVALID,[1,2,0],
LOAD_FROM_INVALID,[1,2,3],
LOAD_FROM_INVALID,[1,3,0],
LOAD_FROM_INVALID,[1,3,2],
LOAD_FROM_INVALID,[2,0,1],
LOAD_FROM_INVALID,[2,0,3],
LOAD_FROM_INVALID,[2,1,0],
LOAD_FROM_INVALID,[2,1,3],
LOAD_FROM_INVALID,[2,3,0],
LOAD_FROM_INVALID,[2,3,1],
LOAD_FROM_INVALID,[3,0,1],
LOAD_FROM_INVALID,[3,0,2],
LOAD_FROM_INVALID,[3,1,0],
LOAD_FROM_INVALID,[3,1,2],
LOAD_FROM_INVALID,[3,2,0],
LOAD_FROM_INVALID,[3,2,1],
LOAD_FROM_INVALID,[0,1,2,3],
LOAD_FROM_INVALID,[0,1,3,2],
LOAD_FROM_INVALID,[0,2,1,3],
LOAD_FROM_INVALID,[0,2,3,1],
LOAD_FROM_INVALID,[0,3,1,2],
LOAD_FROM_INVALID,[0,3,2,1],
LOAD_FROM_INVALID,[1,0,2,3],
LOAD_FROM_INVALID,[1,0,3,2],
LOAD_FROM_INVALID,[1,2,0,3],
LOAD_FROM_INVALID,[1,2,3,0],
LOAD_FROM_INVALID,[1,3,0,2],
LOAD_FROM_INVALID,[1,3,2,0],
LOAD_FROM_INVALID,[2,0,1,3],
LOAD_FROM_INVALID,[2,0,3,1],
LOAD_FROM_INVALID,[2,1,0,3],
LOAD_FROM_INVALID,[2,1,3,0],
LOAD_FROM_INVALID,[2,3,0,1],
LOAD_FROM_INVALID,[2,3,1,0],
LOAD_FROM_INVALID,[3,0,1,2],
LOAD_FROM_INVALID,[3,0,2,1],
LOAD_FROM_INVALID,[3,1,0,2],
LOAD_FROM_INVALID,[3,1,2,0],
LOAD_FROM_INVALID,[3,2,0,1],
LOAD_FROM_INVALID,[3,2,1,0],
CAS_ON_MODIFIED,[0,1],69.5
CAS_ON_MODIFIED,[0,2],31.1
CAS_ON_MODIFIED,[0,3],65.8
CAS_ON_MODIFIED,[1,0],67.8
CAS_ON_MODIFIED,[1,2],67.7
CAS_ON_MODIFIED,[1,3],31.1
CAS_ON_MODIFIED,[2,0],49.4
CAS_ON_MODIFIED,[2,1],67.7
CAS_ON_MODIFIED,[2,3],73.4
CAS_ON_MODIFIED,[3,0],71.7
CAS_ON_MODIFIED,[3,1],43.4
CAS_ON_MODIFIED,[3,2],73.3
CAS_ON_MODIFIED,[0,1,2],81.7
CAS_ON_MODIFIED,[0,1,3],75.4
CAS_ON_MODIFIED,[0,2,1],35.8
CAS_ON_MODIFIED,[0,2,3],36.7
CAS_ON_MODIFIED,[0,3,1],61.0
CAS_ON_MODIFIED,[0,3,2],70.0
CAS_ON_MODIFIED,[1,0,2],71.2
CAS_ON_MODIFIED,[1,0,3],70.2
CAS_ON_MODIFIED,[1,2,0],65.6
CAS_ON_MODIFIED,[1,2,3],72.6
CAS_ON_MODIFIED,[1,3,0],32.3
CAS_ON_MODIFIED,[1,3,2],33.1
CAS_ON_MODIFIED,[2,0,1],31.8
CAS_ON_MODIFIED,[2,0,3],30.9
CAS_ON_MODIFIED,[2,1,0],71.4
CAS_ON_MODIFIED,[2,1,3],71.3
CAS_ON_MODIFIED,[2,3,0],68.7
CAS_ON_MODIFIED,[2,3,1],63.7
CAS_ON_MODIFIED,[3,0,1],76.5
CAS_ON_MODIFIED,[3,0,2],61.7
CAS_ON_MODIFIED,[3,1,0],35.7
CAS_ON_MODIFIED,[3,1,2],39.3
CAS_ON_MODIFIED,[3,2,0],68.9
CAS_ON_MODIFIED,[3,2,1],71.6
CAS_ON_MODIFIED,[0,1,2,3],74.6
CAS_ON_MODIFIED,[0,1,3,2],71.1
CAS_ON_MODIFIED,[0,2,1,3],54.1
CAS_ON_MODIFIED,[0,2,3,1],43.1
CAS_ON_MODIFIED,[0,3,1,2],63.8
CAS_ON_MODIFIED,[0,3,2,1],68.4
CAS_ON_MODIFIED,[1,0,2,3],68.3
CAS_ON_MODIFIED,[1,0,3,2],85.2
CAS_ON_MODIFIED,[1,2,0,3],99.8
CAS_ON_MODIFIED,[1,2,3,0],78.6
CAS_ON_MODIFIED,[1,3,0,2],52.4
CAS_ON_MODIFIED,[1,3,2,0],39.0
CAS_ON_MODIFIED,[2,0,1,3],41.0
CAS_ON_MODIFIED,[2,0,3,1],48.6
CAS_ON_MODIFIED,[2,1,0,3],62.4
CAS_ON_MODIFIED,[2,1,3,0],76.9
CAS_ON_MODIFIED,[2,3,0,1],76.3
CAS_ON_MODIFIED,[2,3,1,0],68.2
CAS_ON_MODIFIED,[3,0,1,2],56.6
CAS_ON_MODIFIED,[3,0,2,1],69.9
CAS_ON_MODIFIED,[3,1,0,2],40.8
CAS_ON_MODIFIED,[3,1,2,0],43.6
CAS_ON_MODIFIED,[3,2,0,1],72.1
CAS_ON_MODIFIED,[3,2,1,0],66.6
FAI_ON_MODIFIED,[0,1],68.0
FAI_ON_MODIFIED,[0,2],41.9
FAI_ON_MODIFIED,[0,3],65.4
FAI_ON_MODIFIED,[1,0],65.9
FAI_ON_MODIFIED,[1,2],67.4
FAI_ON_MODIFIED,[1,3],30.9
FAI_ON_MODIFIED,[2,0],39.1
FAI_ON_MODIFIED,[2,1],66.1
FAI_ON_MODIFIED,[2,3],65.7
FAI_ON_MODIFIED,[3,0],64.5
FAI_ON_MODIFIED,[3,1],50.5
FAI_ON_MODIFIED,[3,2],98.8
FAI_ON_MODIFIED,[0,1,2],75.0
FAI_ON_MODIFIED,[0,1,3],74.6
FAI_ON_MODIFIED,[0,2,1],36.2
FAI_ON_MODIFIED,[0,2,3],47.7
FAI_ON_MODIFIED,[0,3,1],75.8
FAI_ON_MODIFIED,[0,3,2],76.0
FAI_ON_MODIFIED,[1,0,2],69.2
FAI_ON_MODIFIED,[1,0,3],69.2
FAI_ON_MODIFIED,[1,2,0],77.9
FAI_ON_MODIFIED,[1,2,3],76.0
FAI_ON_MODIFIED,[1,3,0],32.0
FAI_ON_MODIFIED,[1,3,2],33.7
FAI_ON_MODIFIED,[2,0,1],33.7
FAI_ON_MODIFIED,[2,0,3],45.4
FAI_ON_MODIFIED,[2,1,0],62.9
FAI_ON_MODIFIED,[2,1,3],76.8
FAI_ON_MODIFIED,[2,3,0],79.2
FAI_ON_MODIFIED,[2,3,1],63.4
FAI_ON_MODIFIED,[3,0,1],69.0
FAI_ON_MODIFIED,[3,0,2],60.9
FAI_ON_MODIFIED,[3,1,0],40.2
FAI_ON_MODIFIED,[3,1,2],42.0
FAI_ON_MODIFIED,[3,2,0],69.8
FAI_ON_MODIFIED,[3,2,1],75.8
FAI_ON_MODIFIED,[0,1,2,3],73.3
FAI_ON_MODIFIED,[0,1,3,2],69.8
FAI_ON_MODIFIED,[0,2,1,3],41.1
FAI_ON_MODIFIED,[0,2,3,1],40.5
FAI_ON_MODIFIED,[0,3,1,2],71.8
FAI_ON_MODIFIED,[0,3,2,1],80.0
FAI_ON_MODIFIED,[1,0,2,3],60.7
FAI_ON_MODIFIED,[1,0,3,2],63.0
FAI_ON_MODIFIED,[1,2,0,3],70.0
FAI_ON_MODIFIED,[1,2,3,0],69.5
FAI_ON_MODIFIED,[1,3,0,2],41.4
FAI_ON_MODIFIED,[1,3,2,0],34.8
FAI_ON_MODIFIED,[2,0,1,3],34.0
FAI_ON_MODIFIED,[2,0,3,1],34.1
FAI_ON_MODIFIED,[2,1,0,3],67.8
FAI_ON_MODIFIED,[2,1,3,0],73.2
FAI_ON_MODIFIED,[2,3,0,1],62.1
FAI_ON_MODIFIED,[2,3,1,0],62.2
FAI_ON_MODIFIED,[3,0,1,2],62.9
FAI_ON_MODIFIED,[3,0,2,1],63.4
FAI_ON_MODIFIED,[3,1,0,2],44.9
FAI_ON_MODIFIED,[3,1,2,0],36.8
FAI_ON_MODIFIED,[3,2,0,1],71.6
FAI_ON_MODIFIED,[3,2,1,0],71.6
TAS_ON_MODIFIED,[0,1],68.9
TAS_ON_MODIFIED,[0,2],38.2
TAS_ON_MODIFIED,[0,3],65.7
TAS_ON_MODIFIED,[1,0],74.8
TAS_ON_MODIFIED,[1,2],65.2
TAS_ON_MODIFIED,[1,3],29.7
TAS_ON_MODIFIED,[2,0],32.7
TAS_ON_MODIFIED,[2,1],68.2
TAS_ON_MODIFIED,[2,3],68.6
TAS_ON_MODIFIED,[3,0],60.2
TAS_ON_MODIFIED,[3,1],52.4
TAS_ON_MODIFIED,[3,2],66.4
TAS_ON_MODIFIED,[0,1,2],70.6
TAS_ON_MODIFIED,[0,1,3],65.1
TAS_ON_MODIFIED,[0,2,1],39.7
TAS_ON_MODIFIED,[0,2,3],38.9
TAS_ON_MODIFIED,[0,3,1],58.1
TAS_ON_MODIFIED,[0,3,2],70.5
TAS_ON_MODIFIED,[1,0,2],58.1
TAS_ON_MODIFIED,[1,0,3],68.4
TAS_ON_MODIFIED,[1,2,0],70.8
TAS_ON_MODIFIED,[1,2,3],65.2
TAS_ON_MODIFIED,[1,3,0],30.1
TAS_ON_MODIFIED,[1,3,2],39.3
TAS_ON_MODIFIED,[2,0,1],30.6
TAS_ON_MODIFIED,[2,0,3],29.7
TAS_ON_MODIFIED,[2,1,0],65.9
TAS_ON_MODIFIED,[2,1,3],59.4
TAS_ON_MODIFIED,[2,3,0],67.3
TAS_ON_MODIFIED,[2,3,1],63.5
TAS_ON_MODIFIED,[3,0,1],68.7
TAS_ON_MODIFIED,[3,0,2],56.3
TAS_ON_MODIFIED,[3,1,0],39.4
TAS_ON_MODIFIED,[3,1,2],38.6
TAS_ON_MODIFIED,[3,2,0],68.9
TAS_ON_MODIFIED,[3,2,1],66.2
TAS_ON_MODIFIED,[0,1,2,3],58.5
TAS_ON_MODIFIED,[0,1,3,2],73.9
TAS_ON_MODIFIED,[0,2,1,3],39.2
TAS_ON_MODIFIED,[0,2,3,1],40.5
TAS_ON_MODIFIED,[0,3,1,2],67.6
TAS_ON_MODIFIED,[0,3,2,1],63.4
TAS_ON_MODIFIED,[1,0,2,3],61.0
TAS_ON_MODIFIED,[1,0,3,2],63.4
TAS_ON_MODIFIED,[1,2,0,3],68.7
TAS_ON_MODIFIED,[1,2,3,0],65.1
TAS_ON_MODIFIED,[1,3,0,2],34.5
TAS_ON_MODIFIED,[1,3,2,0],29.7
TAS_ON_MODIFIED,[2,0,1,3],29.1
TAS_ON_MODIFIED,[2,0,3,1],29.8
TAS_ON_MODIFIED,[2,1,0,3],67.5
TAS_ON_MODIFIED,[2,1,3,0],71.6
TAS_ON_MODIFIED,[2,3,0,1],73.8
TAS_ON_MODIFIED,[2,3,1,0],59.6
TAS_ON_MODIFIED,[3,0,1,2],57.9
TAS_ON_MODIFIED,[3,0,2,1],55.9
TAS_ON_MODIFIED,[3,1,0,2],38.6
TAS_ON_MODIFIED,[3,1,2,0],35.4
TAS_ON_MODIFIED,[3,2,0,1],69.1
TAS_ON_MODIFIED,[3,2,1,0],68.9
SWAP_ON_MODIFIED,[0,1],71.1
SWAP_ON_MODIFIED,[0,2],40.8
SWAP_ON_MODIFIED,[0,3],69.6
SWAP_ON_MODIFIED,[1,0],66.6
SWAP_ON_MODIFIED,[1,2],66.1
SWAP_ON_MODIFIED,[1,3],33.0
SWAP_ON_MODIFIED,[2,0],33.7
SWAP_ON_MODIFIED,[2,1],67.9
SWAP_ON_MODIFIED,[2,3],71.0
SWAP_ON_MODIFIED,[3,0],72.0
SWAP_ON_MODIFIED,[3,1],44.7
SWAP_ON_MODIFIED,[3,2],66.8
SWAP_ON_MODIFIED,[0,1,2],70.7
SWAP_ON_MODIFIED,[0,1,3],74.8
SWAP_ON_MODIFIED,[0,2,1],49.4
SWAP_ON_MODIFIED,[0,2,3],43.0
SWAP_ON_MODIFIED,[0,3,1],64.8
SWAP_ON_MODIFIED,[0,3,2],77.5
SWAP_ON_MODIFIED,[1,0,2],65.4
SWAP_ON_MODIFIED,[1,0,3],72.6
SWAP_ON_MODIFIED,[1,2,0],74.9
SWAP_ON_MODIFIED,[1,2,3],69.8
SWAP_ON_MODIFIED,[1,3,0],32.9
SWAP_ON_MODIFIED,[1,3,2],33.1
SWAP_ON_MODIFIED,[2,0,1],33.6
SWAP_ON_MODIFIED,[2,0,3],33.3
SWAP_ON_MODIFIED,[2,1,0],69.3
SWAP_ON_MODIFIED,[2,1,3],72.4
SWAP_ON_MODIFIED,[2,3,0],75.6
SWAP_ON_MODIFIED,[2,3,1],61.3
SWAP_ON_MODIFIED,[3,0,1],71.6
SWAP_ON_MODIFIED,[3,0,2],66.3
SWAP_ON_MODIFIED,[3,1,0],46.4
SWAP_ON_MODIFIED,[3,1,2],47.1
SWAP_ON_MODIFIED,[3,2,0],71.3
SWAP_ON_MODIFIED,[3,2,1],68.9
SWAP_ON_MODIFIED,[0,1,2,3],72.5
SWAP_ON_MODIFIED,[0,1,3,2],74.4
SWAP_ON_MODIFIED,[0,2,1,3],53.9
SWAP_ON_MODIFIED,[0,2,3,1],45.3
SWAP_ON_MODIFIED,[0,3,1,2],63.5
SWAP_ON_MODIFIED,[0,3,2,1],81.3
SWAP_ON_MODIFIED,[1,0,2,3],78.8
SWAP_ON_MODIFIED,[1,0,3,2],65.6
SWAP_ON_MODIFIED,[1,2,0,3],72.1
SWAP_ON_MODIFIED,[1,2,3,0],77.3
SWAP_ON_MODIFIED,[1,3,0,2],48.7
SWAP_ON_MODIFIED,[1,3,2,0],38.7
SWAP_ON_MODIFIED,[2,0,1,3],35.5
SWAP_ON_MODIFIED,[2,0,3,1],32.7
SWAP_ON_MODIFIED,[2,1,0,3],73.6
SWAP_ON_MODIFIED,[2,1,3,0],71.4
SWAP_ON_MODIFIED,[2,3,0,1],61.3
SWAP_ON_MODIFIED,[2,3,1,0],69.0
SWAP_ON_MODIFIED,[3,0,1,2],60.5
SWAP_ON_MODIFIED,[3,0,2,1],63.6
SWAP_ON_MODIFIED,[3,1,0,2],41.7
SWAP_ON_MODIFIED,[3,1,2,0],42.3
SWAP_ON_MODIFIED,[3,2,0,1],70.8
SWAP_ON_MODIFIED,[3,2,1,0],70.3
CAS_ON_SHARED,[0,1],65.8
CAS_ON_SHARED,[0,2],42.6
CAS_ON_SHARED,[0,3],64.0
CAS_ON_SHARED,[1,0],72.0
CAS_ON_SHARED,[1,2],69.1
CAS_ON_SHARED,[1,3],48.6
CAS_ON_SHARED,[2,0],42.1
CAS_ON_SHARED,[2,1],70.4
CAS_ON_SHARED,[2,3],78.8
CAS_ON_SHARED,[3,0],70.5
CAS_ON_SHARED,[3,1],55.1
CAS_ON_SHARED,[3,2],67.1
CAS_ON_SHARED,[0,1,2],66.9
CAS_ON_SHARED,[0,1,3],68.5
CAS_ON_SHARED,[0,2,1],66.8
CAS_ON_SHARED,[0,2,3],67.2
CAS_ON_SHARED,[0,3,1],62.2
CAS_ON_SHARED,[0,3,2],70.4
CAS_ON_SHARED,[1,0,2],60.5
CAS_ON_SHARED,[1,0,3],72.7
CAS_ON_SHARED,[1,2,0],71.2
CAS_ON_SHARED,[1,2,3],67.8
CAS_ON_SHARED,[1,3,0],64.5
CAS_ON_SHARED,[1,3,2],56.9
CAS_ON_SHARED,[2,0,1],59.5
CAS_ON_SHARED,[2,0,3],57.9
CAS_ON_SHARED,[2,1,0],78.8
CAS_ON_SHARED,[2,1,3],69.9
CAS_ON_SHARED,[2,3,0],72.7
CAS_ON_SHARED,[2,3,1],60.6
CAS_ON_SHARED,[3,0,1],62.8
CAS_ON_SHARED,[3,0,2],53.1
CAS_ON_SHARED,[3,1,0],75.8
CAS_ON_SHARED,[3,1,2],67.9
CAS_ON_SHARED,[3,2,0],65.8
CAS_ON_SHARED,[3,2,1],64.4
CAS_ON_SHARED,[0,1,2,3],63.6
CAS_ON_SHARED,[0,1,3,2],55.7
CAS_ON_SHARED,[0,2,1,3],60.0
CAS_ON_SHARED,[0,2,3,1],66.1
CAS_ON_SHARED,[0,3,1,2],67.3
CAS_ON_SHARED,[0,3,2,1],58.6
CAS_ON_SHARED,[1,0,2,3],55.8
CAS_ON_SHARED,[1,0,3,2],56.9
CAS_ON_SHARED,[1,2,0,3],66.2
CAS_ON_SHARED,[1,2,3,0],68.6
CAS_ON_SHARED,[1,3,0,2],64.2
CAS_ON_SHARED,[1,3,2,0],60.3
CAS_ON_SHARED,[2,0,1,3],68.6
CAS_ON_SHARED,[2,0,3,1],68.8
CAS_ON_SHARED,[2,1,0,3],67.9
CAS_ON_SHARED,[2,1,3,0],56.4
CAS_ON_SHARED,[2,3,0,1],60.0
CAS_ON_SHARED,[2,3,1,0],67.8
CAS_ON_SHARED,[3,0,1,2],58.0
CAS_ON_SHARED,[3,0,2,1],65.3
CAS_ON_SHARED,[3,1,0,2],69.2
CAS_ON_SHARED,[3,1,2,0],67.8
CAS_ON_SHARED,[3,2,0,1],66.7
CAS_ON_SHARED,[3,2,1,0],69.3
FAI_ON_SHARED,[0,1],70.5
FAI_ON_SHARED,[0,2],43.3
FAI_ON_SHARED,[0,3],70.1
FAI_ON_SHARED,[1,0],69.4
FAI_ON_SHARED,[1,2],71.6
FAI_ON_SHARED,[1,3],33.2
FAI_ON_SHARED,[2,0],43.6
FAI_ON_SHARED,[2,1],68.4
FAI_ON_SHARED,[2,3],67.5
FAI_ON_SHARED,[3,0],64.1
FAI_ON_SHARED,[3,1],42.6
FAI_ON_SHARED,[3,2],67.1
FAI_ON_SHARED,[0,1,2],68.5
FAI_ON_SHARED,[0,1,3],59.0
FAI_ON_SHARED,[0,2,1],68.8
FAI_ON_SHARED,[0,2,3],68.2
FAI_ON_SHARED,[0,3,1],70.0
FAI_ON_SHARED,[0,3,2],76.5
FAI_ON_SHARED,[1,0,2],56.0
FAI_ON_SHARED,[1,0,3],70.1
FAI_ON_SHARED,[1,2,0],65.8
FAI_ON_SHARED,[1,2,3],68.6
FAI_ON_SHARED,[1,3,0],69.3
FAI_ON_SHARED,[1,3,2],59.0
FAI_ON_SHARED,[2,0,1],54.9
FAI_ON_SHARED,[2,0,3],58.0
FAI_ON_SHARED,[2,1,0],69.7
FAI_ON_SHARED,[2,1,3],60.1
FAI_ON_SHARED,[2,3,0],69.3
FAI_ON_SHARED,[2,3,1],58.5
FAI_ON_SHARED,[3,0,1],66.1
FAI_ON_SHARED,[3,0,2],58.0
FAI_ON_SHARED,[3,1,0],59.1
FAI_ON_SHARED,[3,1,2],79.1
FAI_ON_SHARED,[3,2,0],72.8
FAI_ON_SHARED,[3,2,1],63.9
FAI_ON_SHARED,[0,1,2,3],65.3
FAI_ON_SHARED,[0,1,3,2],63.7
FAI_ON_SHARED,[0,2,1,3],69.6
FAI_ON_SHARED,[0,2,3,1],60.1
FAI_ON_SHARED,[0,3,1,2],60.8
FAI_ON_SHARED,[0,3,2,1],70.0
FAI_ON_SHARED,[1,0,2,3],55.9
FAI_ON_SHARED,[1,0,3,2],57.3
FAI_ON_SHARED,[1,2,0,3],66.3
FAI_ON_SHARED,[1,2,3,0],67.2
FAI_ON_SHARED,[1,3,0,2],61.6
FAI_ON_SHARED,[1,3,2,0],59.4
FAI_ON_SHARED,[2,0,1,3],68.3
FAI_ON_SHARED,[2,0,3,1],56.4
FAI_ON_SHARED,[2,1,0,3],66.7
FAI_ON_SHARED,[2,1,3,0],69.4
FAI_ON_SHARED,[2,3,0,1],59.8
FAI_ON_SHARED,[2,3,1,0],57.5
FAI_ON_SHARED,[3,0,1,2],62.9
FAI_ON_SHARED,[3,0,2,1],56.3
FAI_ON_SHARED,[3,1,0,2],72.6
FAI_ON_SHARED,[3,1,2,0],70.4
FAI_ON_SHARED,[3,2,0,1],58.9
FAI_ON_SHARED,[3,2,1,0],67.8
TAS_ON_SHARED,[0,1],69.0
TAS_ON_SHARED,[0,2],43.6
TAS_ON_SHARED,[0,3],76.1
TAS_ON_SHARED,[1,0],73.6
TAS_ON_SHARED,[1,2],69.1
TAS_ON_SHARED,[1,3],46.1
TAS_ON_SHARED,[2,0],40.2
TAS_ON_SHARED,[2,1],75.9
TAS_ON_SHARED,[2,3],67.6
TAS_ON_SHARED,[3,0],72.3
TAS_ON_SHARED,[3,1],48.3
TAS_ON_SHARED,[3,2],67.3
TAS_ON_SHARED,[0,1,2],69.9
TAS_ON_SHARED,[0,1,3],63.1
TAS_ON_SHARED,[0,2,1],63.8
TAS_ON_SHARED,[0,2,3],64.5
TAS_ON_SHARED,[0,3,1],63.2
TAS_ON_SHARED,[0,3,2],71.0
TAS_ON_SHARED,[1,0,2],52.8
TAS_ON_SHARED,[1,0,3],72.2
TAS_ON_SHARED,[1,2,0],62.8
TAS_ON_SHARED,[1,2,3],67.4
TAS_ON_SHARED,[1,3,0],64.4
TAS_ON_SHARED,[1,3,2],57.3
TAS_ON_SHARED,[2,0,1],67.8
TAS_ON_SHARED,[2,0,3],54.3
TAS_ON_SHARED,[2,1,0],71.9
TAS_ON_SHARED,[2,1,3],66.4
TAS_ON_SHARED,[2,3,0],64.3
TAS_ON_SHARED,[2,3,1],54.9
TAS_ON_SHARED,[3,0,1],72.6
TAS_ON_SHARED,[3,0,2],64.9
TAS_ON_SHARED,[3,1,0],68.2
TAS_ON_SHARED,[3,1,2],60.4
TAS_ON_SHARED,[3,2,0],64.2
TAS_ON_SHARED,[3,2,1],68.9
TAS_ON_SHARED,[0,1,2,3],64.7
TAS_ON_SHARED,[0,1,3,2],61.2
TAS_ON_SHARED,[0,2,1,3],71.4
TAS_ON_SHARED,[0,2,3,1],69.2
TAS_ON_SHARED,[0,3,1,2],55.3
TAS_ON_SHARED,[0,3,2,1],69.3
TAS_ON_SHARED,[1,0,2,3],58.1
TAS_ON_SHARED,[1,0,3,2],65.2
TAS_ON_SHARED,[1,2,0,3],60.8
TAS_ON_SHARED,[1,2,3,0],67.4
TAS_ON_SHARED,[1,3,0,2],56.9
TAS_ON_SHARED,[1,3,2,0],58.5
TAS_ON_SHARED,[2,0,1,3],56.4
TAS_ON_SHARED,[2,0,3,1],65.8
TAS_ON_SHARED,[2,1,0,3],63.4
TAS_ON_SHARED,[2,1,3,0],61.6
TAS_ON_SHARED,[2,3,0,1],58.9
TAS_ON_SHARED,[2,3,1,0],59.3
TAS_ON_SHARED,[3,0,1,2],59.5
TAS_ON_SHARED,[3,0,2,1],63.5
TAS_ON_SHARED,[3,1,0,2],63.0
TAS_ON_SHARED,[3,1,2,0],66.0
TAS_ON_SHARED,[3,2,0,1],50.8
TAS_ON_SHARED,[3,2,1,0],61.0
SWAP_ON_SHARED,[0,1],64.5
SWAP_ON_SHARED,[0,2],43.8
SWAP_ON_SHARED,[0,3],68.6
SWAP_ON_SHARED,[1,0],71.8
SWAP_ON_SHARED,[1,2],67.0
SWAP_ON_SHARED,[1,3],33.6
SWAP_ON_SHARED,[2,0],39.9
SWAP_ON_SHARED,[2,1],69.1
SWAP_ON_SHARED,[2,3],76.1
SWAP_ON_SHARED,[3,0],68.1
SWAP_ON_SHARED,[3,1],44.2
SWAP_ON_SHARED,[3,2],64.8
SWAP_ON_SHARED,[0,1,2],74.1
SWAP_ON_SHARED,[0,1,3],67.6
SWAP_ON_SHARED,[0,2,1],65.6
SWAP_ON_SHARED,[0,2,3],68.9
SWAP_ON_SHARED,[0,3,1],63.6
SWAP_ON_SHARED,[0,3,2],67.6
SWAP_ON_SHARED,[1,0,2],57.2
SWAP_ON_SHARED,[1,0,3],69.2
SWAP_ON_SHARED,[1,2,0],67.2
SWAP_ON_SHARED,[1,2,3],68.7
SWAP_ON_SHARED,[1,3,0],62.5
SWAP_ON_SHARED,[1,3,2],56.4
SWAP_ON_SHARED,[2,0,1],58.2
SWAP_ON_SHARED,[2,0,3],57.5
SWAP_ON_SHARED,[2,1,0],69.2
SWAP_ON_SHARED,[2,1,3],68.0
SWAP_ON_SHARED,[2,3,0],70.8
SWAP_ON_SHARED,[2,3,1],55.4
SWAP_ON_SHARED,[3,0,1],63.8
SWAP_ON_SHARED,[3,0,2],53.7
SWAP_ON_SHARED,[3,1,0],68.4
SWAP_ON_SHARED,[3,1,2],59.2
SWAP_ON_SHARED,[3,2,0],64.1
SWAP_ON_SHARED,[3,2,1],70.4
SWAP_ON_SHARED,[0,1,2,3],60.2
SWAP_ON_SHARED,[0,1,3,2],58.4
SWAP_ON_SHARED,[0,2,1,3],67.9
SWAP_ON_SHARED,[0,2,3,1],66.6
SWAP_ON_SHARED,[0,3,1,2],66.5
SWAP_ON_SHARED,[0,3,2,1],62.1
SWAP_ON_SHARED,[1,0,2,3],57.0
SWAP_ON_SHARED,[1,0,3,2],57.9
SWAP_ON_SHARED,[1,2,0,3],66.7
SWAP_ON_SHARED,[1,2,3,0],68.6
SWAP_ON_SHARED,[1,3,0,2],69.0
SWAP_ON_SHARED,[1,3,2,0],62.0
SWAP_ON_SHARED,[2,0,1,3],56.8
SWAP_ON_SHARED,[2,0,3,1],60.0
SWAP_ON_SHARED,[2,1,0,3],68.7
SWAP_ON_SHARED,[2,1,3,0],62.1
SWAP_ON_SHARED,[2,3,0,1],56.2
SWAP_ON_SHARED,[2,3,1,0],61.6
SWAP_ON_SHARED,[3,0,1,2],57.7
SWAP_ON_SHARED,[3,0,2,1],58.9
SWAP_ON_SHARED,[3,1,0,2],59.5
SWAP_ON_SHARED,[3,1,2,0],63.4
SWAP_ON_SHARED,[3,2,0,1],64.8
SWAP_ON_SHARED,[3,2,1,0],66.9
CAS_CONCURRENT,[0,1],127.6
CAS_CONCURRENT,[0,2],55.2
CAS_CONCURRENT,[0,3],123.8
CAS_CONCURRENT,[1,0],124.5
CAS_CONCURRENT,[1,2],141.3
CAS_CONCURRENT,[1,3],37.7
CAS_CONCURRENT,[2,0],36.9
CAS_CONCURRENT,[2,1],119.9
CAS_CONCURRENT,[2,3],125.5
CAS_CONCURRENT,[3,0],117.1
CAS_CONCURRENT,[3,1],52.2
CAS_CONCURRENT,[3,2],117.5
CAS_CONCURRENT,[0,1,2],121.1
CAS_CONCURRENT,[0,1,3],108.0
CAS_CONCURRENT,[0,2,1],93.4
CAS_CONCURRENT,[0,2,3],107.5
CAS_CONCURRENT,[0,3,1],119.6
CAS_CONCURRENT,[0,3,2],123.7
CAS_CONCURRENT,[1,0,2],104.1
CAS_CONCURRENT,[1,0,3],124.7
CAS_CONCURRENT,[1,2,0],101.7
CAS_CONCURRENT,[1,2,3],123.1
CAS_CONCURRENT,[1,3,0],96.6
CAS_CONCURRENT,[1,3,2],116.1
CAS_CONCURRENT,[2,0,1],119.6
CAS_CONCURRENT,[2,0,3],96.1
CAS_CONCURRENT,[2,1,0],125.8
CAS_CONCURRENT,[2,1,3],115.9
CAS_CONCURRENT,[2,3,0],121.1
CAS_CONCURRENT,[2,3,1],101.3
CAS_CONCURRENT,[3,0,1],123.9
CAS_CONCURRENT,[3,0,2],103.9
CAS_CONCURRENT,[3,1,0],108.4
CAS_CONCURRENT,[3,1,2],109.2
CAS_CONCURRENT,[3,2,0],130.1
CAS_CONCURRENT,[3,2,1],121.5
CAS_CONCURRENT,[0,1,2,3],127.0
CAS_CONCURRENT,[0,1,3,2],126.6
CAS_CONCURRENT,[0,2,1,3],127.5
CAS_CONCURRENT,[0,2,3,1],126.4
CAS_CONCURRENT,[0,3,1,2],123.1
CAS_CONCURRENT,[0,3,2,1],154.3
CAS_CONCURRENT,[1,0,2,3],113.6
CAS_CONCURRENT,[1,0,3,2],112.3
CAS_CONCURRENT,[1,2,0,3],133.1
CAS_CONCURRENT,[1,2,3,0],121.9
CAS_CONCURRENT,[1,3,0,2],143.1
CAS_CONCURRENT,[1,3,2,0],132.5
CAS_CONCURRENT,[2,0,1,3],109.4
CAS_CONCURRENT,[2,0,3,1],103.6
CAS_CONCURRENT,[2,1,0,3],104.1
CAS_CONCURRENT,[2,1,3,0],109.1
CAS_CONCURRENT,[2,3,0,1],129.5
CAS_CONCURRENT,[2,3,1,0],140.2
CAS_CONCURRENT,[3,0,1,2],104.7
CAS_CONCURRENT,[3,0,2,1],98.9
CAS_CONCURRENT,[3,1,0,2],106.1
CAS_CONCURRENT,[3,1,2,0],103.8
CAS_CONCURRENT,[3,2,0,1],131.0
CAS_CONCURRENT,[3,2,1,0],129.3
